{"last_updated":1527026766,"ttl":10,"data":{"en":{"feeds":[{"name":"station_information","url":"https://gbfs.citibikenyc.com/gbfs/en/station_information.json"},{"name":"system_regions","url":"https://gbfs.citibikenyc.com/gbfs/en/system_regions.json"},{"name":"system_alerts","url":"https://gbfs.citibikenyc.com/gbfs/en/system_alerts.json"},{"name":"station_status","url":"https://gbfs.citibikenyc.com/gbfs/en/station_status.json"},{"name":"system_information","url":"https://gbfs.citibikenyc.com/gbfs/en/system_information.json"}]},"es":{"feeds":[{"name":"station_information","url":"https://gbfs.citibikenyc.com/gbfs/es/station_information.json"},{"name":"system_regions","url":"https://gbfs.citibikenyc.com/gbfs/es/system_regions.json"},{"name":"system_alerts","url":"https://gbfs.citibikenyc.com/gbfs/es/system_alerts.json"},{"name":"station_status","url":"https://gbfs.citibikenyc.com/gbfs/es/station_status.json"},{"name":"system_information","url":"https://gbfs.citibikenyc.com/gbfs/es/system_information.json"}]},"fr":{"feeds":[{"name":"station_information","url":"https://gbfs.citibikenyc.com/gbfs/fr/station_information.json"},{"name":"system_regions","url":"https://gbfs.citibikenyc.com/gbfs/fr/system_regions.json"},{"name":"system_alerts","url":"https://gbfs.citibikenyc.com/gbfs/fr/system_alerts.json"},{"name":"station_status","url":"https://gbfs.citibikenyc.com/gbfs/fr/station_status.json"},{"name":"system_information","url":"https://gbfs.citibikenyc.com/gbfs/fr/system_information.json"}]}}}